,관할구역,보호센터명,전화번호,보호센터주소
0,대구광역시 수성구,(사)대구수의사회,053-764-3708,대구광역시 북구 호국로 229 (서변동) 6층
1,대구광역시 중구,(사)대구시수의사회,053-764-3708,대구광역시 북구 호국로 229 (서변동) 대구경북수의사회관 6층
2,부산광역시 사하구,(사)하얀비둘기,051-293-9779,부산광역시 강서구 제도로 726 (강동동)
3,대구광역시 달성군,119동물병원,053-585-1195,"대구광역시 달성군 다사읍 달구벌대로 893 (다사읍, 대실요양병원 장례식장) 다사읍 관할"
4,서울특별시 용산구,21세기동물병원,02-749-6750,서울특별시 용산구 보광동 259-1
5,경기도 부천시,24시아이동물메디컬,032-677-5262,경기도 부천시 오정구 원종동 229-8
6,서울특별시 마포구,C.T종합동물병원,02-6375-0075,"서울특별시 마포구 만리재로 74 (신공덕동, 신공덕2차삼성래미안) 삼성 래미안상가 117호"
7,서울특별시 강동구,GD동물병원,02-429-8822,서울특별시 강동구 상일로 13 (상일동) 1~2층 GD동물병원
8,울산광역시 울주군,MK동물병원,052-237-2475,울산광역시 울주군 온산읍 덕신로 250 (온산읍)
9,경기도 부천시,cj동물병원,032-323-4999,"경기도 부천시 소향로 246 (중동, 새롬프라자6차)"
10,경기도 부천시,가나동물병원,032-665-0075,경기도 부천시 경인로 72 (송내동)
11,경기도 파주시,가온동물병원,031-945-7552,경기도 파주시 가온로 116 (목동동)
12,인천광역시 서구,가정동물병원,032-575-0833,인천광역시 서구 가정로 346 (가정동)
13,경기도 가평군,가평군유기동물보호소,031-580-4788,"경기도 가평군 가평읍 아랫마장길 59 (가평읍, 농업기술센터) 가평 유기동물 보호소(10:00~18:00)"
14,대구광역시 수성구,감자동물병원,053-795-5589,대구광역시 수성구 달구벌대로 3179 (매호동) 1층
15,울산광역시 남구,강남동물병원,052-271-0075,울산광역시 남구 돋질로 232 (달동) 1층
16,서울특별시 강동구,강동구청 반려동물팀,02-3425-6015,"서울특별시 강동구 성내로 25 (성내동, 강동구청) 강동구청"
17,서울특별시 강동구,강동리본센터(reborn),070-4163-7350,서울특별시 강동구 양재대로81길 73 (성내동) 강동구 유기동물 분양센터(reborn)
18,강원도 강릉시,강릉시동물사랑센터,033-641-7515,강원도 강릉시 성산면 내맬길 172
19,전라남도 강진군,강진군 유기견 보호소,061-430-3613,"전라남도 강진군 강진읍 초지길 109-62 (강진읍, 강진군상하수도사업소)"
20,서울특별시 양천구,강현림동물병원,02-2642-9159,서울특별시 양천구 등촌로 160 (목동) 1층
21,경상남도 거제시,거제시유기동물보호소,055-639-6368,"경상남도 거제시 사등면 두동로1길 109 (사등면, 한국자원재생공사폐비닐적재장) 거제시유기동물보호소"
22,인천광역시 중구,경동동물병원,032-765-9988,인천광역시 중구 개항로 68 (경동)
23,인천광역시 동구,경동동물병원,032-765-9988,인천광역시 중구 개항로 68 (경동)
24,경상북도 경산시,경산시유기동물보호소,***********,경상북도 경산시 용성면 사양지길 95 (용성면)
25,경상북도 경주시,경주시유기동물보호소,***********,경상북도 경주시 용담로 12 (황성동)
26,충청남도 계룡시,계룡시유기동물보호소,***********,충청남도 계룡시 엄사면 천마로 12
27,경상남도 고성군,고성군유기동물보호소,055-670-4314,경상남도 고성군 고성읍 남해안대로 2829-60 고성군농업기술센터 동물보호센터
28,경기도 고양시,고양시동물보호센터,031-962-3232,"경기도 고양시 덕양구 고양대로 1695 (원흥동, 고양시 농업기술센터) 고양시동물보호센터"
29,전라북도 고창군,고창동물병원,063-561-0561,전라북도 고창군 무장면 원금곡길 13
30,전라남도 고흥군,고흥군임시보호센터,***********,"전라남도 고흥군 포두면 우주로 607 (포두면, 소매점)"
31,경기도 광명시,광명반함센터,02-2680-5001,경기도 광명시 오리로854번길 10 (철산동) 지하1층
32,전라남도 광양시,광양시 임시보호소,061-797-3386,전라남도 광양시 봉강면 인덕로 1169-20 (봉강면) 지곡리 864-24
33,광주광역시 동구,광주 동물보호소,062-571-2808,광주광역시 북구 본촌마을길 27 (본촌동) 광주광역시 동물보호소
34,광주광역시 서구,광주 동물보호소,062-571-2808,광주광역시 북구 본촌마을길 27 (본촌동) 광주광역시 동물보호소
35,광주광역시 남구,광주 동물보호소,062-571-2808,광주광역시 북구 본촌마을길 27 (본촌동) 광주광역시 동물보호소
36,광주광역시 북구,광주 동물보호소,062-571-2808,광주광역시 북구 본촌마을길 27 (본촌동) 광주광역시 동물보호소
37,광주광역시 광산구,광주 동물보호소,062-571-2808,광주광역시 북구 본촌마을길 27 (본촌동) 광주공역시 동물보호소
38,경기도 광주시,광주TNR동물병원송정,031-798-7583,경기도 광주시 경안천로 144 (송정동) 1층
39,경기도 광주시,광주TNR동물병원초월,031-798-7581,경기도 광주시 초월읍 현산로385번길 74-12 (초월읍)
40,경상북도 구미시,구미시 동물보호센터,054-471-5718,경상북도 구미시 해평면 낙동대로 2206
41,전라북도 군산시,군산유기동물보호센터,063-451-2975,전라북도 군산시 대야면 보덕안정길 108-20
42,서울특별시 용산구,금강동물병원,02-798-7512,서울특별시 용산구 이촌동 301-160
43,대구광역시 수성구,금강동물병원,053-746-7111,대구광역시 수성구 동원로 150 (만촌동) 금강동물병원
44,경기도 파주시,금릉동물병원,031-948-3375,"경기도 파주시 금빛로 19 (금촌동, 파주프라임타워)"
45,경상북도 김천시,김천시 동물보호센터,***********,경상북도 김천시 조마로 2128 (양천동)
46,경기도 파주시,나은동물병원,031-944-8288,경기도 파주시 새꽃로 207 (아동동) 나은동물병원
47,전라남도 나주시,나주유기동물보호센터,***********,전라남도 나주시 산포면 내기3길 71-43 [*미고시]
48,충청남도 부여군,남부여동물병원,041-837-8275,충청남도 부여군 부여읍 성왕로 190-1 남부여동물병원
49,서울특별시 용산구,남산동물병원,02-778-7582,서울특별시 용산구 후암동 244-60
50,울산광역시 남구,남산동물병원,052-224-8275,울산광역시 남구 북부순환도로 40 (무거동)
51,경기도 화성시,남양유기견보호센터,031-356-2281,경기도 화성시 남양읍 화성로 1483-27 (남양읍)
52,경기도 남양주시,남양주동물보호협회,031-591-7270,"경기도 남양주시 금곡로 44 (금곡동, 성원빌딩) 1층"
53,경상남도 남해군,남해군유기동물보호소,055-862-5041,경상남도 남해군 이동면 무림로 33-13 (이동면)
54,서울특별시 노원구,노원반려동물문화센터,02-933-8500,"서울특별시 노원구 수락산로 258 (상계동, 호성빌딩) 1층"
55,충청남도 논산시,논산시청,041-746-6109,충청남도 논산시 시민로210번길 9 (내동)
56,부산광역시 동래구,누리동물병원,051-701-7599,부산광역시 해운대구 송정2로13번길 46 (송정동) 누리동물병원
57,부산광역시 남구,누리동물병원,051-701-7599,부산광역시 해운대구 송정동 85-1
58,부산광역시 금정구,누리동물병원,051-701-7599,부산광역시 해운대구 송정2로13번길 46 (송정동)
59,부산광역시 수영구,누리동물병원,051-701-7599,부산광역시 해운대구 송정2로13번길 46 (송정동)
60,경상남도 김해시,누리동물병원,051-701-7599,부산광역시 해운대구 송정2로13번길 46 (송정동)
61,인천광역시 부평구,늘푸른동물병원,032-507-0075,인천광역시 부평구 후정동로 60 (삼산동)
62,강원도 정선군,다나동물병원,033-563-6563,강원도 정선군 정선읍 비봉로 46
63,충청북도 단양군,단양군유기동물보호소,***********,충청북도 단양군 매포읍 우덕리 910번지
64,대구광역시 달성군,달성축산동물병원,053-614-3775,대구광역시 달성군 현풍면 원교길 6 (현풍면)
65,전라남도 담양군,담양군 동물보호센터,***********,전라남도 담양군 용면 시암골로 280-57 (용면) :용면 두장리 21번지
66,충청남도 당진시,당진시동물보호소,041-356-8210,충청남도 당진시 고대면 연동로 30-6 (고대면)
67,대구광역시 달성군,대구수의사회(달성군),053-764-3708,대구광역시 북구 호국로 229 (서변동)
68,대구광역시 서구,대구수의사회(아이펫),053-573-1175,대구광역시 서구 서대구로 64 (평리동)
69,대구광역시 동구,대구시수의사회,053-764-3708,대구광역시 북구 호국로 229 (서변동) 대구경북수의사회관 6층
70,대구광역시 중구,대구시수의사회(고려),053-256-6100,대구광역시 중구 중앙대로 333 (남산동)
71,대구광역시 서구,대구시수의사회(더난),053-552-0075,대구광역시 서구 국채보상로 176 (중리동)
72,대구광역시 서구,대구시수의사회(더펫),070-4293-0622,대구광역시 서구 서대구로 361 (비산동) 2층
73,대구광역시 중구,대구시수의사회(동산),053-254-3366,대구광역시 중구 남성로 서성로 34 (남성로)
74,대구광역시 중구,대구시수의사회(동인),070-4466-1575,대구광역시 중구 동인동4가 국채보상로 724
75,대구광역시 서구,대구시수의사회(보경),053-559-9020,대구광역시 서구 달서로 165 (비산동)
76,대구광역시 중구,대구시수의사회(삼덕),053-426-1731,대구광역시 중구 삼덕동1가 달구벌대로 2145
77,대구광역시 서구,대구시수의사회(삼성),053-556-8575,대구광역시 서구 서대구로 24 (내당동)
78,대구광역시 중구,대구시수의사회(원),053-255-8275,대구광역시 중구 동덕로8길 2 (대봉동)
79,대구광역시 동구,대구유기동물보호센터,053-964-6258,대구광역시 동구 금강로 151-13 (금강동)
80,대구광역시 남구,대구유기동물보호센터,053-964-6258,대구광역시 동구 금강로 151-13 (금강동)
81,대구광역시 북구,대구유기동물보호센터,053-964-6258,대구광역시 동구 금강로 151-13 (금강동)
82,대구광역시 달서구,대구유기동물보호센터,053-964-6258,대구광역시 동구 금강로 151-13 (금강동)
83,대전광역시 동구,대전동물보호센터,042-825-1118,대전광역시 유성구 금남구즉로 1234 (금고동) 대전광역시 동물보호센터
84,대전광역시 중구,대전동물보호센터,042-825-1118,대전광역시 유성구 금남구즉로 1234 (금고동) 대전광역시 동물보호센터
85,대전광역시 서구,대전동물보호센터,042-825-1118,대전광역시 유성구 금남구즉로 1234 (금고동) 대전광역시 동물보호센터
86,대전광역시 유성구,대전동물보호센터,042-825-1118,대전광역시 유성구 금남구즉로 1234 (금고동) 대전광역시 동물보호센터
87,대전광역시 대덕구,대전동물보호센터,042-825-1118,대전광역시 유성구 금남구즉로 1234 (금고동) 대전광역시 동물보호센터
88,전라남도 순천시,대한동물사랑협회,061-755-7547,전라남도 순천시 상사면 민속마을길 978 (상사면) .
89,서울특별시,동물구조119,02-6337-0119,"서울특별시 영등포구 영중로8길 6 (영등포동3가, 성남빌딩) 비동 530호"
90,부산광역시 부산진구,동물보호관리협회,051-971-6208,부산광역시 강서구 가락대로1283번길 25-2 (봉림동)
91,서울특별시,동물보호단체 다솜,02-6406-0226,서울특별시 도봉구 방학로 119 (방학동) 2층
92,대구광역시 달성군,동인동물병원,053-424-4258,대구광역시 중구 동인동4가 국채보상로 724 (동인동4가) 가창면 관할
93,강원도 동해시,동해시유기동물보호소,033-522-2990,"강원도 동해시 대동로 159-13 (송정동, 동해시유기동물보호소)"
94,서울특별시 강동구,둔촌동물병원,02-474-5100,서울특별시 강동구 양재대로 1385 (성내동) 둔촌동물병원
95,서울특별시 동작구,디아크동물종합병원,02-816-7582,서울특별시 동작구 장승배기로27길 18 (노량진동)
96,서울특별시 용산구,라온동물병원,02-792-7585,서울특별시 용산구 이태원동 225-93
97,경기도 하남시,러브펫동물병원,031-791-5775,경기도 하남시 신평로 58 (신장동) 1층
98,서울특별시 관악구,러브펫종합동물병원,02-837-8875,서울특별시 관악구 남부순환로 1429 (신림동)
99,경기도 파주시,로뎀동물병원,031-952-7576,"경기도 파주시 문산읍 방촌로 1636 (문산읍, 강산설렁탕)"
100,울산광역시 남구,리틀쥬동물의료원,052-268-8884,울산광역시 남구 봉월로 104 (신정동)
101,경상남도 창원시 마산합포회원구,마산유기동물보호소,055-225-5481,경상남도 창원시 마산합포구 진북면 지산2길 139-112 226-19
102,서울특별시 마포구,마포구청,02-3153-8542,"서울특별시 마포구 월드컵로 212 (성산동, 마포구청) 8층 지역경제과"
103,경상남도 의령군,만하농장,055-570-4202,경상남도 의령군 의령읍 남강로 485-75
104,대구광역시 달성군,명곡역동물병원,053-633-7579,대구광역시 달성군 화원읍 비슬로 2490 (화원읍) 옥포면 관할
105,전라남도 목포시,목포시유기동물보호소,***********,전라남도 무안군 삼향읍 석매길 21-5 (삼향읍)
106,전라남도 무안군,무안군유기동물보호소,061-450-4059,전라남도 무안군 무안읍 백로로 164-123
107,경기도 파주시,문산동물병원,031-953-7570,경기도 파주시 문산읍 문향로 35 문산동물병원
108,울산광역시 남구,미래펫동물병원,052-273-5911,울산광역시 남구 중앙로 218-1 (신정동)
109,경기도 파주시,미엘동물병원,031-935-5009,경기도 파주시 청석로 264 (동패동) 2층 201호 거북목프라자
110,서울특별시 용산구,민트동물병원,02-707-2235,"서울특별시 용산구 원효로 51 (산천동, 삼성테마트) 119호"
111,경상남도 밀양시,밀양시동물보호센터,***********,경상남도 밀양시 삼랑진읍 천태로 472 (삼랑진읍)
112,전라북도 임실군,박영재동물병원,063-284-7774,전라북도 전주시 완산구 전주천서로 111 (서서학동) 박영재 동물병원
113,서울특별시 마포구,박창석동물병원,02-6405-7582,서울특별시 마포구 도화길 42 (도화동)
114,충청북도 청주시,반려동물보호센터,043-201-2298,충청북도 청주시 흥덕구 강내면 서부로 411-55 (강내면)
115,경기도 파주시,버디종합동물병원,031-953-1183,경기도 파주시 문산읍 문산역로 77 버디종합동물병원
116,울산광역시 울주군,범서조은동물병원,052-248-7582,울산광역시 울주군 범서읍 천상중앙길 49 (범서읍)
117,인천광역시 강화군,베스트동물병원,032-934-9340,"인천광역시 강화군 강화읍 강화대로 217 (강화읍, 린나이보일러)"
118,전라북도 완주군,별빛유기동물지킴이,***********,전라북도 완주군 용진읍 순지2길 187-6
119,충청남도 보령시,보령시임시동물보호소,***********,충청남도 보령시 녹문3길 7 (내항동)
120,전라남도 보성군,보성유기동물보호센터,061-850-5403,전라남도 보성군 노동면 노동천동길 209 (노동면) 신천리 71
121,경상북도 봉화군,봉화군유기동물보호소,054-679-6865,경상북도 봉화군 봉성면 농업인길 24 (봉성면) 봉화군농업기술센터
122,부산광역시 중구,부산동물보호센터,051-832-7119,부산광역시 강서구 맥도강변길 752-15 (대저2동)
123,부산광역시 서구,부산동물보호센터,051-832-7119,부산광역시 강서구 맥도강변길 752-15 (대저2동)
124,부산광역시 북구,부산동물보호센터,051-832-7119,부산광역시 강서구 맥도강변길 752-15 (대저2동)
125,부산광역시 강서구,부산동물보호센터,051-832-7119,부산광역시 강서구 맥도강변길 752-15 (대저2동)
126,경기도 부천시,부천시수의사회,032-323-4999,경기도 부천시 길주로 660 (춘의동)
127,전라남도 영광군,불갑동물임시보호소,***********,전라남도 영광군 불갑면 함영로 2758
128,부산광역시 동구,사단법인 하얀비둘기,051-293-9779,부산광역시 강서구 제도로 726 (강동동)
129,부산광역시 기장군,사단법인 하얀비둘기,051-293-9779,부산광역시 강서구 제도로 726 (강동동)
130,울산광역시 남구,사랑동물병원,052-273-0075,울산광역시 남구 중앙로 165-1 (신정동)
131,경상남도 사천시,사천시 동물보호센터,055-831-3784,경상남도 사천시 용현면 진삼로 902
132,경상남도 산청군,산청동물보호센터,***********,경상남도 산청군 산청읍 친환경로 2783-25 (산청읍)
133,인천광역시 부평구,삼산종합동물병원,032-330-0075,"인천광역시 부평구 체육관로 40 (삼산동, 신영프라자)"
134,강원도 삼척시,삼척시유기동물보호소,***********,"강원도 삼척시 근덕면 교곡길 127-281 (근덕면, 쓰레기소각시설) 유기동물보호소"
135,경상북도 상주시,상주유기동물보호센터,***********,경상북도 상주시 청리면 남상주로 1205-59
136,충청남도 서산시,서산동물병원,041-667-5525,충청남도 서산시 안견로 235 (동문동)
137,충청남도 서산시,서산시 동물보호센터,041-660-2040,충청남도 서산시 인지면 무학재1길 99
138,서울특별시 용산구,서울동물복지지원센터,02-2124-2832,서울특별시 마포구 매봉산로 31 (상암동) 지하1층
139,서울특별시 마포구,서울동물복지지원센터,02-2124-2832,서울특별시 마포구 매봉산로 31 (상암동) 에스플렉스센터 지하1층
140,서울특별시 관악구,서울동물복지지원센터,02-2124-2832,서울특별시 마포구 매봉산로 31 (상암동) 지하1층
141,충청남도 서천군,서천군유기동물보호소,041-950-4390,충청남도 서천군 마산면 한마로 1189-19
142,서울특별시 서초구,서초동물사랑센터,02-6956-7980,"서울특별시 서초구 양재천로19길 22 (양재동, 숨빌딩) 서초동물사랑센터"
143,경상북도 성주군,성주유기동물보호센터,***********,경상북도 성주군 선남면 선노로 522 (선남면)
144,인천광역시 부평구,세림동물병원,032-503-0075,"인천광역시 부평구 원적로 392 (산곡동, 백마타운)"
145,세종특별자치시,세종유기동물보호센터,***********,세종특별자치시 전동면 미륵당1길 188 (전동면)
146,세종특별자치시,세종종합동물병원,044-868-8275,세종특별자치시 조치원읍 새내로 81-2 (조치원읍) 세종종합동물병원
147,강원도 속초시,속초시유기동물보호소,033-633-2519,강원도 속초시 하도문길 103 (대포동)
148,경기도 수원시,수원시 동물보호센터,031-228-3557,"경기도 수원시 영통구 광교호수로 234 (하동, 수원시 동물보호센터) 하동 40-10"
149,전라남도 순천시,순천시유기동물보호소,061-749-8793,"전라남도 순천시 승주읍 승주로 628 (승주읍, 농업기술센터) 순천시유기동물보호소"
150,울산광역시 남구,스마일동물병원,052-277-0075,울산광역시 남구 대학로 112 (무거동)
151,경기도 안산시,스타캣츠,031-410-3777,경기도 안산시 단원구 한양대학로 208 (고잔동) 2층 스타캣츠
152,경기도 시흥시,시흥시농업기술센터,031-310-2247,"경기도 시흥시 관곡지로 139 (하중동, 생명농업기술센터)"
153,인천광역시 중구,신공항동물병원,032-751-4598,인천광역시 중구 운중로 33 (운남동)
154,대구광역시 수성구,신세계동물병원,053-751-6693,대구광역시 수성구 수성동1가 명덕로 393 (수성동1가)
155,전라남도 신안군,신안유기동물보호센터,***********,전라남도 무안군 삼향읍 석매길 21-5 (삼향읍)
156,충청남도 아산시,아산시동물보호센터,041-533-3563,충청남도 아산시 염치읍 충무로 295-9
157,경기도 파주시,야당동물병원,031-948-7579,경기도 파주시 경의로 1100 (야당동) 201호
158,강원도 양구군,양구,033-480-7785,강원도 양구군 남면 양남로 319-31 (남면) 양구군농업기술센터
159,경상남도 양산시,양산시 동물보호센터,055-392-5337,경상남도 양산시 동면 석산리 392 양산시농업기술센터
160,경기도 양평군,양평군유기동물보호소,031-770-2337,경기도 양평군 양평읍 농업기술센터길 59 (양평읍)
161,전라북도 부안군,연합동물병원,063-580-4499,"전라북도 부안군 부안읍 번영로 185 (부안읍, 르노삼성자동차) 연합동물병원"
162,서울특별시 용산구,열린동물병원,02-3273-0075,서울특별시 용산구 원효로2가 84-10
163,경상북도 영덕군,영덕유기동물보호센터,054-730-6286,경상북도 영덕군 영덕읍 구미2길 14-1 (영덕읍) 영덕군유기동물보호센터
164,경상북도 영양군,영양군유기동물보호소,***********,경상북도 영양군 입암면 마령산해로 1202 (입암면) .
165,강원도 영월군,영월군위탁동물보호소,033-370-2392,강원도 영월군 영월읍 덕포우회길 329
166,경상북도 포항시,영일동물플러스,054-262-8295,경상북도 포항시 북구 흥해읍 덕장길 224 (흥해읍)
167,경상북도 영주시,영주시 동물보호센터,***********,경상북도 영주시 문수면 반구로324번길 135 (문수면) 장수면 반구리 407-8
168,경상북도 영천시,영천유기동물보호센터,054-339-7175,"경상북도 영천시 천문로 622-13 (오미동, 영천시농업기술센터)"
169,충청남도 예산군,예산동물보호센터,041-339-7832,충청남도 예산군 예산읍 아리랑로 236 지하1층
170,대구광역시 수성구,예스동물병원,053-768-7543,대구광역시 수성구 동대구로 207 (황금동)
171,경상북도 예천군,예천군유기동물보호소,054-650-8167,"경상북도 예천군 예천읍 충효로 632-84 (예천읍, 유기동물보호소)"
172,경기도 오산시,오산시수의사회,031-372-9325,경기도 오산시 성호대로 36 (오산동)
173,충청북도 옥천군,옥천동물병원,***********,"충청북도 옥천군 옥천읍 삼금로 53 (옥천읍, 동물병원) 옥천동물병원"
174,울산광역시 울주군,와우동물병원,052-225-0075,울산광역시 울주군 언양읍 읍성로 135 (언양읍)
175,서울특별시 마포구,용강동물병원,02-707-2340,서울특별시 마포구 대흥로 48 (대흥동)
176,경기도 용인시,용인시 동물보호센터,031-324-3463,"경기도 용인시 처인구 중부대로 1074-1 (삼가동, 용인시 동물보호센터)"
177,인천광역시 서구,우리동물병원,032-566-0075,인천광역시 서구 서곶로 349 (연희동) 우리동물병원
178,경상북도 군위군,우성동물병원,054-382-1357,경상북도 군위군 군위읍 중앙1길 17 (군위읍)
179,경상북도 울릉군,울릉군농업기술센터,054-790-6282,"경상북도 울릉군 울릉읍 신리길 68 (울릉읍, 울릉도축장)"
180,울산광역시 중구,울산유기동물보호센터,052-238-6113,울산광역시 울주군 온양읍 화산발리로 543 (온양읍)
181,울산광역시 남구,울산유기동물보호센터,052-238-6113,울산광역시 울주군 온양읍 화산발리로 543 (온양읍)
182,울산광역시 북구,울산유기동물보호센터,052-238-6113,울산광역시 울주군 온양읍 발리 1144
183,울산광역시 울주군,울산유기동물보호센터,052-238-6113,울산광역시 울주군 온양읍 발리 1144
184,경상북도 울진군,울진군동물보호센터,054-789-6795,경상북도 울진군 울진읍 대흥신림로 916-37
185,강원도 원주시,원주유기동물보호센터,033-731-1119,강원도 원주시 호저면 칠봉로 110-6
186,서울특별시 용산구,원효동물병원,02-719-7070,서울특별시 용산구 원효로2가 30-4
187,충청남도 금산군,월드동물병원,041-750-2584,충청남도 금산군 금산읍 오리정로 68 월드동물병원
188,경기도 파주시,웰니스클리닉,031-942-7524,"경기도 파주시 한울로 123 (동패동, 이마트운정점) 2층, 웰니스클리닉"
189,서울특별시 마포구,웰케어 동물병원,02-337-7575,"서울특별시 마포구 월드컵북로 27 (서교동, 이화빌딩) 서교동447-2"
190,경기도 이천시,위더스 동물보호센터,031-882-4381,경기도 여주시 능서면 능서공원길 34 (능서면)
191,경기도 여주시,위더스 동물보호센터,031-882-4381,경기도 여주시 능서면 능서공원길 34 (능서면)
192,강원도 고성군,유기견임시보호소,033-680-3724,강원도 고성군 간성읍 꽃내마루길 53-49
193,부산광역시 사상구,유기동물및동물보호협,051-971-6208,부산광역시 강서구 가락대로1283번길 25-2 (봉림동)
194,경상북도 안동시,유기동물보호센터,***********,경상북도 안동시 서후면 풍산태사로 3252-29 (서후면)
195,전라남도 여수시,유기동물보호소,061-659-4429,"전라남도 여수시 주동1길 32 (주삼동, 여수시농업기술센터) 여수시 유기동물보호소"
196,전라남도 완도군,유기동물임시보호센터,***********,전라남도 완도군 신지면 신지로6번길 23-89 (신지면)
197,충청남도 천안시,유실유기동물보호소,***********,충청남도 천안시 동남구 충절로 437 (삼룡동)
198,서울특별시 노원구,이n김동물병원,02-955-6530,서울특별시 도봉구 마들로 664 (도봉동) 2층
199,충청남도 공주시,이기영수의과병원,041-853-7575,충청남도 공주시 감영길 7 (반죽동)
200,서울특별시 용산구,이상윤동물병원,02-792-5455,서울특별시 용산구 이촌동 300-23
201,서울특별시 용산구,이태원동물병원,02-794-4945,서울특별시 용산구 이태원동 531
202,전라북도 익산시,익산유기동물보호소,063-855-1214,전라북도 익산시 서동로42길 77 (용제동) 16통 1반
203,전라북도 남원시,인월동물병원,063-636-2873,전라북도 남원시 인월면 인월로 64
204,강원도 인제군,인제군유기동물보호소,033-460-2473,강원도 인제군 인제읍 비봉로44번길 105
205,인천광역시 미추홀구,인천광역시 수의사회,032-515-7567,"인천광역시 계양구 다남로165번길 56 (다남동, 유기동물보호소)"
206,인천광역시 연수구,인천광역시수의사회,032-515-7567,"인천광역시 계양구 다남로165번길 56 (다남동, 유기동물보호소)"
207,인천광역시 옹진군,인천수의사회유기동물,032-515-7567,인천광역시 계양구 다남동 35-8
208,전라북도 임실군,임실유기동물보호센터,063-640-2516,전라북도 임실군 오수면 오수로 182 번지
209,전라남도 장성군,장성군동물보호센터,***********,전라남도 장성군 삼서면 대중길 29-27
210,전라남도 장흥군,장흥군 동물보호센터,061-860-6729,"전라남도 장흥군 안양면 우드랜드길 288 (안양면, 남도국제교육원) 축산사업소"
211,전라북도 김제시,전북말산업복합센터,063-547-3549,전라북도 김제시 용지면 금백로 571-39 (용지면) 전북말산업복합센터
212,경상북도 청송군,점곡보호소,***********,경상북도 청송군 현동면 청송로 3128-135 (현동면)
213,강원도 정선군,정선가축병원,033-563-0198,강원도 정선군 정선읍 정선로 1321 (정선읍)
214,전라북도 정읍시,정읍시 동물보호소,063-535-6295,전라북도 정읍시 2산단5길 37-1 (하북동)
215,울산광역시 북구,정철동물병원,052-287-0348,울산광역시 북구 진장17길 11 (진장동) 정철동물병원
216,대구광역시 수성구,제니스동물병원,053-756-8293,대구광역시 수성구 달구벌대로 2475 (범어동)
217,전라북도 장수군,제이준동물병원,***********,전라북도 장수군 장계면 한들로 76 제이준동물병원
218,제주특별자치도,제주 동물보호센터,064-710-4065,제주특별자치도 제주시 첨단동길 184-14 (용강동)
219,제주특별자치도 제주시,제주동물보호센터,064-710-4067,제주특별자치도 제주시 첨단동길 184-14 (용강동)
220,제주특별자치도 서귀포시,제주동물보호센터,064-710-4067,제주특별자치도 제주시 첨단동길 184-14 (용강동)
221,제주특별자치도 제주시,제주애견학교,***********,제주특별자치도 제주시 삼의영길 72 (아라일동)
222,충청북도 제천시,제천시 동물보호센터,043-647-0059,충청북도 제천시 금성면 적성로8길 51 (금성면)
223,인천광역시 부평구,조재진동물병원,032-518-3800,인천광역시 부평구 원적로 409 (산곡동)
224,경상북도 문경시,종합가축병원,054-552-2233,경상북도 문경시 중앙로 170 (흥덕동) 종합가축병원
225,울산광역시 남구,주동물병원,052-268-8275,울산광역시 남구 돋질로 385-1 (삼산동)
226,전라남도 진도군,진도개메디컬센터,061-540-6327,전라남도 진도군 진도읍 성죽골길 30 (진도읍) 진도개축산과
227,경상남도 진주시,진주시유기동물보호소,055-749-6134,"경상남도 진주시 집현면 신당길207번길 22 (집현면, 지역농업개발시설)"
228,충청북도 진천군,진천군유기동물보호소,043-533-7212,"충청북도 진천군 진천읍 문화6안길 14-1 (진천읍, 진천지게차) 진천동물병원"
229,경상남도 창원시 진해구,진해유기동물보호소,055-225-5481,"경상남도 창원시 진해구 웅천로 218 (성내동, 농업기술센터) 205번지"
230,인천광역시 부평구,짱구네동물병원,032-511-5515,"인천광역시 부평구 평천로 356 (갈산동, 민상빌딩) 1층"
231,서울특별시 용산구,차오름동물병원,02-706-7975,서울특별시 용산구 산천동 93-1
232,경상남도 창녕군,창녕 유기동물보호소,***********,경상남도 창녕군 고암면 창밀로 335-26 (고암면) 고암면 억만리 28
233,경상남도 창원시 의창성산구,창원유기동물보호소,055-225-5481,"경상남도 창원시 의창구 창이대로 71 (명서동, 창원시농업기술센터) 축산과"
234,강원도 철원군,철원군,033-450-5394,"강원도 철원군 동송읍 장흥로 311 (동송읍, 철원군농업기술센타) 농업기술센터"
235,경상북도 청도군,청도군동물보호소,054-370-6558,경상북도 청도군 화양읍 청화3길 10 청도군 농업기술센터
236,충청남도 청양군,청양보호소,041-940-2972,충청남도 청양군 대치면 청산로 446-17 (대치면)
237,전라북도 남원시,청원동물병원,063-633-3533,전라북도 남원시 죽항동 278번지
238,충청남도 태안군,최동물병원,041-672-0346,충청남도 태안군 태안읍 남문리 504-6
239,충청북도 보은군,최상오동물병원,043-543-0753,충청북도 보은군 보은읍 보은로 119-1 (보은읍)
240,충청북도 영동군,최종주동물병원,043-744-4209,"충청북도 영동군 영동읍 계산로 54 (영동읍, 최종주동물병원)"
241,강원도 춘천시,춘천시 동물보호센터,033-245-5351,강원도 춘천시 신북읍 영서로 3282 (신북읍) (전)102보충대 주차장
242,경상북도 칠곡군,칠곡유기동물보호센터,054-973-5710,경상북도 칠곡군 석적읍 포망로 341 (석적읍)
243,서울특별시 영등포구,캥거루동물병원,02-2066-2579,서울특별시 구로구 오류로 55 (오류동)
244,울산광역시 북구,쿨펫 홈플러스 북구점,052-286-3567,"울산광역시 북구 신답로 26 (상안동, 홈플러스) 쿨펫동물병원 홈플러스 북구점"
245,울산광역시 북구,쿨펫동물병원,052-288-7572,"울산광역시 북구 진장유통로 64 (진장동, 롯데마트) 4층 쿨펫동물병원"
246,경상남도 합천군,태민동물병원,***********,"경상남도 합천군 합천읍 옥산로 16 (합천읍, 까치빌라) 태민동물병원"
247,강원도 태백시,태백유기동물,***********,강원도 태백시 문의재로 5 (통동)
248,경기도 파주시,파주24시동물병원,031-944-5575,경기도 파주시 교하로 87 (목동동) 삼성프라자 201
249,대구광역시 수성구,펫동물병원,053-474-9820,대구광역시 수성구 달구벌대로 3144 (노변동) 펫동물병원
250,서울특별시 용산구,펫토이동물병원,02-795-2184,서울특별시 용산구 한남동 653-26
251,경기도 성남시,펫토피아동물병원,031-714-8392,"경기도 성남시 분당구 불정로 266 (수내동, 유신제일조합)"
252,강원도 평창군,평창군유기동물보호소,***********,강원도 평창군 진부면 청송로 61
253,경기도 평택시,평택시유기동물보호소,031-8024-3849,경기도 평택시 진위면 야막길 108-86 (진위면)
254,대구광역시 달성군,포산동물병원,053-616-2478,대구광역시 달성군 현풍면 비슬로 614-1 (현풍면) 논공읍 관할
255,전라북도 남원시,하나동물병원,063-634-7582,전라북도 남원시 왕정동 67
256,경기도 하남시,하남동물병원,031-793-7802,경기도 하남시 신평로 37 (덕풍동) 하남동물병원
257,경상남도 하동군,하동군유기동물보호소,055-880-2677,경상남도 하동군 적량면 한옥정길 90 (적량면) 유기동물보호소
258,부산광역시 영도구,하얀비둘기,051-293-9779,부산광역시 강서구 제도로 726 (강동동)
259,전라남도 함평군,학교동물임시보호센터,***********,전라남도 함평군 학교면 송산길 84 (학교면) 월산리 806-1
260,서울특별시 종로구,한국동물구조관리협회,031-867-9119,경기도 양주시 남면 감악산로 63-37 (남면)
261,서울특별시 중구,한국동물구조관리협회,031-867-9119,경기도 양주시 남면 감악산로 63-37 (남면)
262,서울특별시 성동구,한국동물구조관리협회,031-867-9119,경기도 양주시 남면 감악산로 63-37 (남면)
263,서울특별시 광진구,한국동물구조관리협회,031-867-9119,경기도 양주시 남면 감악산로 63-37 (남면)
264,서울특별시 동대문구,한국동물구조관리협회,031-867-9119,경기도 양주시 남면 감악산로 63-37
265,서울특별시 중랑구,한국동물구조관리협회,031-867-9119,경기도 양주시 남면 감악산로 63-37
266,서울특별시 성북구,한국동물구조관리협회,031-867-9119,경기도 양주시 남면 감악산로 63-37 (남면)
267,서울특별시 강북구,한국동물구조관리협회,031-867-9119,경기도 양주시 남면 감악산로 63-37
268,서울특별시 도봉구,한국동물구조관리협회,031-867-9119,경기도 양주시 남면 상수리 410-1
269,서울특별시 노원구,한국동물구조관리협회,031-868-2851,경기도 양주시 남면 감악산로 63-37 (남면)
270,서울특별시 은평구,한국동물구조관리협회,031-867-9119,경기도 양주시 남면 감악산로 63-48
271,서울특별시 서대문구,한국동물구조관리협회,031-867-9119,경기도 양주시 남면 감악산로 63-37 (남면)
272,서울특별시 강서구,한국동물구조관리협회,031-867-9119,경기도 양주시 남면 감악산로 63-37 (남면) 한국동물구조관리협회
273,서울특별시 구로구,한국동물구조관리협회,031-867-9119,경기도 양주시 남면 상수리 410-1
274,서울특별시 금천구,한국동물구조관리협회,031-867-9119,경기도 양주시 남면 감악산로 63-37 (남면)
275,서울특별시 영등포구,한국동물구조관리협회,031-867-9119,경기도 양주시 남면 감악산로 63-37
276,서울특별시 서초구,한국동물구조관리협회,031-867-9119,경기도 양주시 남면 감악산로 63-37 (남면)
277,서울특별시 강남구,한국동물구조관리협회,031-867-9119,경기도 양주시 남면 감악산로 63-37 (남면) 한국동물구조관리협회
278,서울특별시 송파구,한국동물구조관리협회,031-867-9119,경기도 양주시 남면 감악산로 63-37 (남면)
279,서울특별시 강동구,한국동물구조관리협회,031-867-9119,경기도 양주시 남면 감악산로 63-37 (사)한국동물구조관리협회
280,경기도 동두천시,한국동물구조관리협회,031-867-9119,경기도 양주시 남면 감악산로 63-37
281,경기도 김포시,한국동물구조관리협회,031-867-9119,경기도 양주시 남면 감악산로 63-37 (남면)
282,경기도 연천군,한국동물구조관리협회,031-867-9119,경기도 양주시 남면 감악산로 63-37
283,경기도 양주시,한국동물구조관리협회,031-867-9119,경기도 양주시 남면 감악산로 63-37 (남면)
284,경기도 포천시,한국동물구조관리협회,031-867-9119,경기도 양주시 남면 감악산로 63-37 (남면) 한국동물구조관리협회
285,경기도 안양시,한국야생동물보호협회,031-296-0124,경기도 안산시 상록구 청곡길 50 (부곡동)
286,경기도 광명시,한국야생동물보호협회,031-296-0124,경기도 안산시 상록구 청곡길 50 (부곡동) 한국야생동물보호협회
287,경기도 안산시,한국야생동물보호협회,031-296-0124,경기도 안산시 상록구 청곡길 50 (부곡동) 안산시 상록구 부곡동 231-5
288,경기도 과천시,한국야생동물보호협회,031-296-0124,경기도 안산시 상록구 청곡길 50 (부곡동) (사)한국야생동물보호협회
289,경기도 군포시,한국야생동물보호협회,031-296-0124,경기도 안산시 상록구 청곡길 50 (부곡동)
290,경기도 의왕시,한국야생동물보호협회,031-296-0124,경기도 안산시 상록구 청곡길 50 (부곡동)
291,서울특별시 용산구,한남동물병원,02-793-9230,서울특별시 용산구 한남동 642-4
292,서울특별시 영등포구,한샘동물병원,02-2681-7585,"서울특별시 구로구 경인로 350 (개봉동, 비동) 105호"
293,경상남도 함양군,함양군위탁보호소,055-960-8143,"경상남도 함양군 함양읍 함양남서로 996-76 (함양읍, 농업기술센터)"
294,전라남도 해남군,해남군임시동물보호소,061-531-3914,전라남도 해남군 해남읍 부흥길 59-70
295,경기도 파주시,행복한동물병원,031-957-0075,"경기도 파주시 중앙로 241 (금촌동, 한샘파주키친프라자) 행복한동물병원"
296,전라북도 진안군,행복한동물병원,063-244-0090,전라북도 전주시 덕진구 건산로 243 (인후동1가) 행복한동물병원
297,대구광역시 수성구,허동물병원,053-752-7535,대구광역시 수성구 수성동2가 명덕로 421 (수성동2가) 허동물병원
298,대구광역시 달성군,현풍동물병원,053-614-3570,대구광역시 달성군 유가읍 테크노공원로 51 (유가읍)
299,서울특별시 마포구,홍익동물병원,02-325-2026,서울특별시 마포구 독막로 45 (합정동)
300,강원도 홍천군,홍천군유기동물보호소,033-434-9435,"강원도 홍천군 화촌면 둔덕이길 68 (화촌면, 홍천군유기동물보호센터)"
301,전라남도 화순군,화순군유기동물보호소,***********,전라남도 화순군 한천면 덕음로 115 (한천면)
302,대구광역시 달성군,화원연합동물병원,053-634-7975,대구광역시 달성군 화원읍 사문진로 447 (화원읍) 화원읍 관할
303,강원도 화천군,화천군농업기술센터,033-440-2941,강원도 화천군 상서면 영서로 6387-9 화천군농업기술센터
304,강원도 횡성군,횡성유기동물보호센터,033-731-1119,강원도 원주시 호저면 칠봉로 110-6 (호저면)
