,상품명,상품가격
"<div class=""goodslistliname"">그랜저HG 하드론 브레이크패드 (뒤)(HP1239) 58302-3QA10 583023QA10 -상신하드론-</div>",그랜저HG 하드론 브레이크패드 (뒤)(HP1239) 58302-3QA10 583023QA10 -상신하드론-,
"<div class=""goodslistliname"">티볼리 하드론 브레이크패드(뒤)(HP1239)(48413350A0)  -상신하드론-</div>",티볼리 하드론 브레이크패드(뒤)(HP1239)(48413350A0)  -상신하드론-,
"<div class=""goodslistliname"">아반떼HD 하드론 브레이크패드(뒤)(HP1239) 58302-2HA50 583022HA50 -상신하드론-</div>",아반떼HD 하드론 브레이크패드(뒤)(HP1239) 58302-2HA50 583022HA50 -상신하드론-,
"<div class=""goodslistliname"">그랜저TG 하드론 브레이크패드(뒤)(HP1239) 58302-3KA62 583023KA62 -상신하드론-</div>",그랜저TG 하드론 브레이크패드(뒤)(HP1239) 58302-3KA62 583023KA62 -상신하드론-,
"<div class=""goodslistliname"">코란도C 하드론 브레이크패드(뒤)(HP1239)  48413340A0  -상신하드론-</div>",코란도C 하드론 브레이크패드(뒤)(HP1239)  48413340A0  -상신하드론-,
"<div class=""goodslistliname"">K5 하드론 브레이크패드(뒤)(HP1239) 58302-2TA40 583022TA40 -상신하드론-</div>",K5 하드론 브레이크패드(뒤)(HP1239) 58302-2TA40 583022TA40 -상신하드론-,
"<div class=""goodslistliname"">쏘울 하드론 브레이크패드(뒤) (HP1239) 58302-2KA00 583022KA00 -상신하드론-</div>",쏘울 하드론 브레이크패드(뒤) (HP1239) 58302-2KA00 583022KA00 -상신하드론-,
"<div class=""goodslistliname"">뉴오피러스 하드론 브레이크패드(뒤)(HP1239) 58302-3FA01 583023FA01 -상신하드론-</div>",뉴오피러스 하드론 브레이크패드(뒤)(HP1239) 58302-3FA01 583023FA01 -상신하드론-,
"<div class=""goodslistliname"">NF쏘나타 하드론 브레이크패드(뒤) (HP1239) 58302-3KA62 583023KA62 -상신하드론-</div>",NF쏘나타 하드론 브레이크패드(뒤) (HP1239) 58302-3KA62 583023KA62 -상신하드론-,
"<div class=""goodslistliprice"">25,200원</div>",,"25,200원"
